"Reference","Value","Datasheet","Footprint","Qty","DNP"
"J1,J2","Conn_01x16","~","Connector_PinHeader_2.54mm:PinHeader_1x16_P2.54mm_Vertical","2",""
"Q1,Q2,Q3,Q4,Q5,Q6,Q7,Q8,Q9,Q10,Q11,Q12","DMG3406L-13","https://www.diodes.com//assets/Datasheets/DMG3406L.pdf","DMG3406L-13:SOT96P240X110-3N","12",""
"R1","10k","~","Resistor_SMD:R_0805_2012Metric_Pad1.20x1.40mm_HandSolder","1",""
"R2,R3,R4,R5,R10,R11,R12,R13,R18,R19,R20,R21","3K3","~","Resistor_SMD:R_0805_2012Metric_Pad1.20x1.40mm_HandSolder","12",""
"R6,R7,R8,R9,R14,R15,R16,R17,R22,R23,R24,R25","33R @ 1W","ESR25JZPJ330","Resistor_SMD:R_1210_3225Metric_Pad1.30x2.65mm_HandSolder","12",""
